Search,Facebook,Youtube
Animals - Pets,Consumer Services,Healthcare & Insurance
Apparel - Fashion,Apparel,Fashion
Arts - Entertainment,Consumer Services,Entertainment
Attorneys - Legal Services,Legal,Government & Advocacy
Automotive - For sale,Automotive,Automotive
"Automotive - Repair, Service and Parts",Automotive,Automotive
Beauty - Personal Care,Beauty,Health & Beauty
Business Services,Industrial Services,Business & Finance
Career - Employment,Employment & Job Training,Business & Finance
Dentists - Dental Services,Healthcare,Healthcare & Insurance
Education - Instruction,Education,Education
Finance - Insurance,Finance & Insurance,Healthcare & Insurance
Furniture,Home Improvement,Household Appliances
Health - Fitness,Healthcare,Healthcare & Insurance
Home - Home Improvement,Home Improvement,Home & Garden
Industrial - Comercial,Industrial Services,Business & Finance
Personal Services,Consumer Services,Healthcare & Insurance
Physicians - Surgeons,Healthcare,Healthcare & Insurance
Real Estate,Real Estate,Healthcare & Insurance
Restaurants - Food,Consumer Services,Restaurants
"Shopping, Collectibles and gifts",Retail,Retail
Sports and Recreation,Fitness,Entertainment
Travel,Travel & Hospitality,Travel
Telecommunications,Technology,Telecommunications
Technology,Technology,Science & Technology
Electronics,Technology,Electronics
